1002;1;Single
1003;0;"""No single"""
1004;0;"""No single"""
1005;0;"""No single"""
1008;0;"""No single"""
1013;1;Single
1015;0;"""No single"""
1016;0;"""No single"""
1018;0;"""No single"""
1020;0;"""No single"""
1022;0;"""No single"""
1024;1;Single
1025;1;Single
1027;1;Single
1033;0;"""No single"""
1034;0;"""No single"""
1036;0;"""No single"""
1039;0;"""No single"""
1041;1;Single
1042;0;"""No single"""
1044;0;"""No single"""
1045;0;"""No single"""
1047;0;"""No single"""
1052;0;"""No single"""
1053;0;"""No single"""
1054;0;"""No single"""
1055;0;"""No single"""
1057;0;"""No single"""
1058;1;Single
1059;0;"""No single"""
1060;0;"""No single"""
1061;0;"""No single"""
1062;0;"""No single"""
1064;0;"""No single"""
1065;0;"""No single"""
1067;0;"""No single"""
1069;0;"""No single"""
1073;0;"""No single"""
1075;0;"""No single"""
1076;0;"""No single"""
1077;0;"""No single"""
1078;1;Single
1079;0;"""No single"""
1081;0;"""No single"""
1082;0;"""No single"""
1083;0;"""No single"""
1086;0;"""No single"""
1091;0;"""No single"""
1093;1;Single
1094;0;"""No single"""
1096;0;"""No single"""
1099;0;"""No single"""
1102;1;Single
1107;0;"""No single"""
1108;0;"""No single"""
1109;0;"""No single"""
1110;1;Single
1112;0;"""No single"""
1115;0;"""No single"""
1120;1;Single
1121;1;Single
1122;0;"""No single"""
1123;0;"""No single"""
1124;1;Single
1126;0;"""No single"""
1130;0;"""No single"""
1132;0;"""No single"""
1133;0;"""No single"""
1134;0;"""No single"""
1136;0;"""No single"""
1138;0;"""No single"""
1139;0;"""No single"""
1140;0;"""No single"""
1141;0;"""No single"""
1143;0;"""No single"""
1144;0;"""No single"""
1152;0;"""No single"""
1153;0;"""No single"""
1156;0;"""No single"""
1157;0;"""No single"""
1159;1;Single
1160;1;Single
1161;0;"""No single"""
1164;0;"""No single"""
1165;1;Single
1166;0;"""No single"""
1168;0;"""No single"""
1170;0;"""No single"""
1174;1;Single
1176;0;"""No single"""
1178;1;Single
1179;1;Single
1180;0;"""No single"""
1182;0;"""No single"""
1183;0;"""No single"""
1184;1;Single
1185;0;"""No single"""
1191;0;"""No single"""
1196;0;"""No single"""
1197;0;"""No single"""
1198;0;"""No single"""
1199;1;Single
1200;0;"""No single"""
1202;0;"""No single"""
1203;0;"""No single"""
1212;0;"""No single"""
1219;0;"""No single"""
1222;0;"""No single"""
1224;0;"""No single"""
1225;0;"""No single"""
1227;0;"""No single"""
1229;0;"""No single"""
1230;0;"""No single"""
1231;0;"""No single"""
1233;0;"""No single"""
1234;0;"""No single"""
1235;0;"""No single"""
1236;0;"""No single"""
1238;0;"""No single"""
1239;0;"""No single"""
1241;0;"""No single"""
1244;1;Single
1246;0;"""No single"""
1247;1;Single
1250;0;"""No single"""
1251;0;"""No single"""
1255;0;"""No single"""
1257;1;Single
1260;0;"""No single"""
1262;0;"""No single"""
1263;0;"""No single"""
1264;0;"""No single"""
1265;0;"""No single"""
1266;1;Single
1267;0;"""No single"""
1268;0;"""No single"""
1269;0;"""No single"""
1270;0;"""No single"""
1271;0;"""No single"""
1274;1;Single
1276;0;"""No single"""
1277;0;"""No single"""
1278;0;"""No single"""
1279;0;"""No single"""
1280;0;"""No single"""
1281;1;Single
1283;0;"""No single"""
1284;1;Single
1286;0;"""No single"""
1288;0;"""No single"""
1291;0;"""No single"""
1293;0;"""No single"""
1294;0;"""No single"""
1295;0;"""No single"""
1296;0;"""No single"""
1299;0;"""No single"""
1300;0;"""No single"""
1301;0;"""No single"""
1302;1;Single
1303;0;"""No single"""
1305;0;"""No single"""
1309;0;"""No single"""
1315;0;"""No single"""
1317;0;"""No single"""
1319;1;Single
1321;0;"""No single"""
1322;1;Single
1323;0;"""No single"""
1324;1;Single
1325;0;"""No single"""
1328;0;"""No single"""
1329;1;Single
1331;0;"""No single"""
1334;1;Single
1336;0;"""No single"""
1337;1;Single
1338;0;"""No single"""
1339;0;"""No single"""
1341;0;"""No single"""
1342;0;"""No single"""
1343;0;"""No single"""
1346;0;"""No single"""
1347;0;"""No single"""
1348;0;"""No single"""
1350;1;Single
1353;0;"""No single"""
1359;0;"""No single"""
1360;0;"""No single"""
1361;0;"""No single"""
1362;0;"""No single"""
1364;0;"""No single"""
1365;0;"""No single"""
1366;1;Single
1371;0;"""No single"""
1372;0;"""No single"""
1373;0;"""No single"""
1374;0;"""No single"""
1376;0;"""No single"""
1379;1;Single
1380;0;"""No single"""
1382;0;"""No single"""
1384;0;"""No single"""
1385;0;"""No single"""
1388;1;Single
1389;0;"""No single"""
1390;1;Single
1398;0;"""No single"""
1399;0;"""No single"""
1402;0;"""No single"""
1403;0;"""No single"""
1404;1;Single
1405;0;"""No single"""
1406;0;"""No single"""
1407;0;"""No single"""
1410;1;Single
1413;0;"""No single"""
1416;0;"""No single"""
1418;0;"""No single"""
1420;0;"""No single"""
1421;0;"""No single"""
1425;0;"""No single"""
1426;0;"""No single"""
1428;0;"""No single"""
1429;1;Single
1430;0;"""No single"""
1431;0;"""No single"""
1436;0;"""No single"""
1438;0;"""No single"""
1440;1;Single
1441;1;Single
1444;0;"""No single"""
1446;0;"""No single"""
1451;0;"""No single"""
1452;0;"""No single"""
1458;0;"""No single"""
1459;0;"""No single"""
1460;0;"""No single"""
1461;1;Single
1463;0;"""No single"""
1464;0;"""No single"""
1466;0;"""No single"""
1468;0;"""No single"""
1469;0;"""No single"""
1471;0;"""No single"""
1472;0;"""No single"""
1479;0;"""No single"""
1481;0;"""No single"""
1484;0;"""No single"""
1485;1;Single
1486;0;"""No single"""
1487;0;"""No single"""
1491;1;Single
1492;0;"""No single"""
1493;0;"""No single"""
1494;0;"""No single"""
1497;0;"""No single"""
1498;0;"""No single"""
1499;0;"""No single"""
1500;0;"""No single"""
1501;1;Single
1502;0;"""No single"""
1505;1;Single
1506;0;"""No single"""
1507;0;"""No single"""
1510;0;"""No single"""
1512;0;"""No single"""
1516;1;Single
1517;0;"""No single"""
1523;0;"""No single"""
1526;0;"""No single"""
1529;0;"""No single"""
1530;0;"""No single"""
1531;0;"""No single"""
1533;0;"""No single"""
1534;0;"""No single"""
1535;0;"""No single"""
1536;0;"""No single"""
1537;0;"""No single"""
1539;1;Single
1540;0;"""No single"""
1541;0;"""No single"""
1545;0;"""No single"""
1548;0;"""No single"""
1549;0;"""No single"""
1550;1;Single
1551;0;"""No single"""
1555;0;"""No single"""
1556;1;Single
1557;0;"""No single"""
1558;0;"""No single"""
1559;1;Single
1561;0;"""No single"""
1564;0;"""No single"""
1565;0;"""No single"""
1566;1;Single
1567;0;"""No single"""
1569;0;"""No single"""
1573;0;"""No single"""
1575;0;"""No single"""
1576;0;"""No single"""
1577;0;"""No single"""
1581;1;Single
1582;0;"""No single"""
1586;0;"""No single"""
1587;0;"""No single"""
1588;0;"""No single"""
1590;0;"""No single"""
1592;0;"""No single"""
1594;0;"""No single"""
1596;1;Single
1598;0;"""No single"""
1599;1;Single
1600;1;Single
1603;0;"""No single"""
1604;0;"""No single"""
1606;0;"""No single"""
1607;0;"""No single"""
1608;1;Single
1609;0;"""No single"""
1610;0;"""No single"""
1612;0;"""No single"""
1613;0;"""No single"""
1615;1;Single
1618;1;Single
1624;0;"""No single"""
1627;0;"""No single"""
1628;0;"""No single"""
1630;0;"""No single"""
1632;0;"""No single"""
1633;0;"""No single"""
1634;1;Single
1635;0;"""No single"""
1640;0;"""No single"""
1642;0;"""No single"""
1643;0;"""No single"""
1644;0;"""No single"""
1645;0;"""No single"""
1648;1;Single
1650;0;"""No single"""
1654;0;"""No single"""
1656;0;"""No single"""
1657;0;"""No single"""
1658;0;"""No single"""
1660;0;"""No single"""
1661;0;"""No single"""
1664;1;Single
1665;0;"""No single"""
1666;0;"""No single"""
1667;0;"""No single"""
1668;1;Single
1669;0;"""No single"""
1670;0;"""No single"""
1671;0;"""No single"""
1672;0;"""No single"""
1673;0;"""No single"""
1675;1;Single
1676;0;"""No single"""
1677;0;"""No single"""
1679;1;Single
1680;1;Single
1682;1;Single
1684;0;"""No single"""
1689;0;"""No single"""
1690;0;"""No single"""
1691;0;"""No single"""
1692;0;"""No single"""
1695;0;"""No single"""
1697;0;"""No single"""
1700;1;Single
1704;0;"""No single"""
1706;0;"""No single"""
1707;0;"""No single"""
1708;0;"""No single"""
1709;0;"""No single"""
1710;0;"""No single"""
1711;0;"""No single"""
1712;0;"""No single"""
1715;0;"""No single"""
1716;1;Single
1717;1;Single
1718;1;Single
1720;0;"""No single"""
1722;0;"""No single"""
1724;1;Single
1725;0;"""No single"""
1727;0;"""No single"""
1728;0;"""No single"""
1729;0;"""No single"""
1730;0;"""No single"""
1733;1;Single
1734;0;"""No single"""
1735;0;"""No single"""
1736;0;"""No single"""
1740;1;Single
1741;0;"""No single"""
1742;1;Single
1747;1;Single
1749;0;"""No single"""
1750;0;"""No single"""
1751;0;"""No single"""
1752;1;Single
1753;0;"""No single"""
1757;0;"""No single"""
1758;0;"""No single"""
1760;0;"""No single"""
1761;1;Single
1762;0;"""No single"""
1763;1;Single
1764;0;"""No single"""
1765;0;"""No single"""
1767;1;Single
1768;0;"""No single"""
1770;0;"""No single"""
1774;1;Single
1776;1;Single
1777;0;"""No single"""
1778;0;"""No single"""
1779;0;"""No single"""
1780;0;"""No single"""
1786;0;"""No single"""
1788;0;"""No single"""
1789;0;"""No single"""
1791;0;"""No single"""
1793;0;"""No single"""
1794;0;"""No single"""
1796;0;"""No single"""
1797;0;"""No single"""
1798;0;"""No single"""
1801;0;"""No single"""
1802;0;"""No single"""
1804;0;"""No single"""
1807;1;Single
1808;0;"""No single"""
1809;0;"""No single"""
1810;0;"""No single"""
1811;0;"""No single"""
1812;0;"""No single"""
1815;0;"""No single"""
1816;0;"""No single"""
1817;0;"""No single"""
1818;0;"""No single"""
1819;1;Single
1820;1;Single
1821;0;"""No single"""
1828;0;"""No single"""
1829;0;"""No single"""
1831;0;"""No single"""
1832;0;"""No single"""
1834;0;"""No single"""
1835;0;"""No single"""
1836;1;Single
1837;0;"""No single"""
1840;0;"""No single"""
1842;0;"""No single"""
1843;0;"""No single"""
1844;0;"""No single"""
1845;1;Single
1846;0;"""No single"""
1847;0;"""No single"""
1848;0;"""No single"""
1850;0;"""No single"""
1852;1;Single
1854;0;"""No single"""
1855;0;"""No single"""
1857;0;"""No single"""
1858;1;Single
1859;0;"""No single"""
1860;0;"""No single"""
1865;0;"""No single"""
1867;0;"""No single"""
1869;0;"""No single"""
1870;0;"""No single"""
1872;0;"""No single"""
1874;0;"""No single"""
1875;0;"""No single"""
1876;0;"""No single"""
1877;0;"""No single"""
1878;0;"""No single"""
1879;1;Single
1880;0;"""No single"""
1883;0;"""No single"""
1885;0;"""No single"""
1886;0;"""No single"""
1887;0;"""No single"""
1888;1;Single
1889;0;"""No single"""
1890;0;"""No single"""
1891;0;"""No single"""
1892;0;"""No single"""
1893;0;"""No single"""
1894;0;"""No single"""
1895;0;"""No single"""
1896;0;"""No single"""
1903;0;"""No single"""
1904;0;"""No single"""
1905;0;"""No single"""
1906;0;"""No single"""
1909;0;"""No single"""
1910;0;"""No single"""
1912;0;"""No single"""
1914;0;"""No single"""
1917;0;"""No single"""
1918;0;"""No single"""
1919;0;"""No single"""
1922;0;"""No single"""
1926;0;"""No single"""
1927;0;"""No single"""
1931;0;"""No single"""
1934;1;Single
1936;0;"""No single"""
1938;0;"""No single"""
1939;0;"""No single"""
1942;1;Single
1946;0;"""No single"""
1947;0;"""No single"""
1949;0;"""No single"""
1950;1;Single
1951;0;"""No single"""
1953;0;"""No single"""
1955;0;"""No single"""
1959;0;"""No single"""
1962;0;"""No single"""
1969;0;"""No single"""
1970;0;"""No single"""
1971;0;"""No single"""
1972;0;"""No single"""
1975;0;"""No single"""
1977;0;"""No single"""
1979;0;"""No single"""
1980;1;Single
1981;0;"""No single"""
1982;0;"""No single"""
1983;0;"""No single"""
1984;0;"""No single"""
1986;0;"""No single"""
1987;0;"""No single"""
1989;0;"""No single"""
1990;0;"""No single"""
1991;0;"""No single"""
1992;0;"""No single"""
1993;0;"""No single"""
1994;0;"""No single"""
1996;0;"""No single"""
1997;0;"""No single"""
2000;1;Single
2001;0;"""No single"""
2003;1;Single
2004;0;"""No single"""
2008;0;"""No single"""
2009;0;"""No single"""
2010;1;Single
2011;0;"""No single"""
2012;0;"""No single"""
2013;1;Single
2017;0;"""No single"""
2018;0;"""No single"""
2019;0;"""No single"""
2021;0;"""No single"""
2022;0;"""No single"""
2023;0;"""No single"""
2025;0;"""No single"""
2027;0;"""No single"""
2028;0;"""No single"""
2029;1;Single
2030;0;"""No single"""
2032;0;"""No single"""
2033;1;Single
2034;0;"""No single"""
2035;0;"""No single"""
2036;0;"""No single"""
2037;0;"""No single"""
2039;0;"""No single"""
2040;0;"""No single"""
2041;0;"""No single"""
2045;0;"""No single"""
2046;0;"""No single"""
2047;0;"""No single"""
2049;0;"""No single"""
2050;0;"""No single"""
2055;0;"""No single"""
2056;0;"""No single"""
2057;0;"""No single"""
2058;0;"""No single"""
2059;0;"""No single"""
2061;0;"""No single"""
2062;0;"""No single"""
2069;0;"""No single"""
2070;0;"""No single"""
2071;1;Single
2072;0;"""No single"""
2073;0;"""No single"""
2076;0;"""No single"""
2077;1;Single
2080;0;"""No single"""
2081;1;Single
2084;0;"""No single"""
2085;0;"""No single"""
2086;0;"""No single"""
2087;0;"""No single"""
2090;0;"""No single"""
2091;0;"""No single"""
2092;0;"""No single"""
2095;0;"""No single"""
2098;0;"""No single"""
2099;0;"""No single"""
2103;0;"""No single"""
2104;0;"""No single"""
2105;0;"""No single"""
2106;0;"""No single"""
2109;0;"""No single"""
2110;1;Single
2112;1;Single
2113;0;"""No single"""
2115;0;"""No single"""
2117;0;"""No single"""
2119;0;"""No single"""
2121;1;Single
2123;0;"""No single"""
2124;1;Single
2126;0;"""No single"""
2131;0;"""No single"""
2133;0;"""No single"""
2135;0;"""No single"""
2140;0;"""No single"""
2141;1;Single
2143;0;"""No single"""
2146;0;"""No single"""
2147;0;"""No single"""
2148;1;Single
2151;0;"""No single"""
2152;1;Single
2154;0;"""No single"""
2156;1;Single
2157;0;"""No single"""
2160;0;"""No single"""
2161;0;"""No single"""
2163;0;"""No single"""
2164;0;"""No single"""
2166;0;"""No single"""
2167;0;"""No single"""
2168;0;"""No single"""
2169;0;"""No single"""
2172;0;"""No single"""
2176;0;"""No single"""
2180;0;"""No single"""
2183;0;"""No single"""
2184;0;"""No single"""
2185;0;"""No single"""
2187;0;"""No single"""
2188;0;"""No single"""
2189;0;"""No single"""
2191;0;"""No single"""
2192;0;"""No single"""
2194;0;"""No single"""
2197;0;"""No single"""
2199;0;"""No single"""
2202;0;"""No single"""
2203;0;"""No single"""
2205;0;"""No single"""
2206;0;"""No single"""
2208;0;"""No single"""
2211;0;"""No single"""
2215;1;Single
2217;0;"""No single"""
2218;0;"""No single"""
2222;0;"""No single"""
2223;0;"""No single"""
2224;0;"""No single"""
2226;0;"""No single"""
2228;0;"""No single"""
2229;0;"""No single"""
2231;1;Single
2232;0;"""No single"""
2233;1;Single
2235;0;"""No single"""
2238;0;"""No single"""
2240;0;"""No single"""
2241;1;Single
2243;1;Single
2245;1;Single
2249;1;Single
2253;0;"""No single"""
2254;0;"""No single"""
2255;0;"""No single"""
2256;0;"""No single"""
2258;0;"""No single"""
2259;1;Single
2260;1;Single
2263;1;Single
2264;0;"""No single"""
2265;0;"""No single"""
2267;1;Single
2270;0;"""No single"""
2271;0;"""No single"""
2278;0;"""No single"""
2281;1;Single
2282;0;"""No single"""
2283;0;"""No single"""
2284;1;Single
2285;0;"""No single"""
2288;0;"""No single"""
2289;1;Single
2292;0;"""No single"""
2294;0;"""No single"""
2295;1;Single
2296;0;"""No single"""
2299;0;"""No single"""
2300;0;"""No single"""
2302;0;"""No single"""
2304;0;"""No single"""
2309;0;"""No single"""
2313;1;Single
2314;0;"""No single"""
2315;0;"""No single"""
2319;0;"""No single"""
2320;1;Single
2321;0;"""No single"""
2323;0;"""No single"""
2327;0;"""No single"""
2328;0;"""No single"""
2331;0;"""No single"""
2332;0;"""No single"""
2333;1;Single
2334;0;"""No single"""
2335;0;"""No single"""
2338;0;"""No single"""
2345;0;"""No single"""
2346;0;"""No single"""
2347;0;"""No single"""
2348;0;"""No single"""
2349;0;"""No single"""
2353;1;Single
2354;0;"""No single"""
2355;0;"""No single"""
2356;0;"""No single"""
2358;0;"""No single"""
2359;1;Single
2360;0;"""No single"""
2367;1;Single
2369;0;"""No single"""
2370;0;"""No single"""
2371;0;"""No single"""
2373;0;"""No single"""
2374;0;"""No single"""
2375;0;"""No single"""
2377;1;Single
2379;0;"""No single"""
2381;0;"""No single"""
2382;0;"""No single"""
2383;1;Single
2387;0;"""No single"""
2388;0;"""No single"""
2389;1;Single
2391;0;"""No single"""
2394;0;"""No single"""
2396;0;"""No single"""
2397;0;"""No single"""
2400;1;Single
2403;0;"""No single"""
2404;1;Single
2405;0;"""No single"""
2406;0;"""No single"""
2407;1;Single
2408;0;"""No single"""
2409;1;Single
2410;0;"""No single"""
2414;0;"""No single"""
2415;1;Single
2416;0;"""No single"""
2417;0;"""No single"""
2420;0;"""No single"""
2422;0;"""No single"""
2426;0;"""No single"""
2428;0;"""No single"""
2429;1;Single
2431;0;"""No single"""
2433;0;"""No single"""
2436;0;"""No single"""
2437;1;Single
2438;1;Single
2440;0;"""No single"""
2442;0;"""No single"""
2446;0;"""No single"""
2448;0;"""No single"""
2449;0;"""No single"""
2453;0;"""No single"""
2455;0;"""No single"""
2456;0;"""No single"""
2457;0;"""No single"""
2458;0;"""No single"""
2461;0;"""No single"""
2462;0;"""No single"""
2464;0;"""No single"""
2465;0;"""No single"""
2467;0;"""No single"""
2468;0;"""No single"""
2469;1;Single
2473;0;"""No single"""
2474;0;"""No single"""
2475;0;"""No single"""
2476;0;"""No single"""
2477;0;"""No single"""
2478;0;"""No single"""
2482;0;"""No single"""
2489;1;Single
2491;0;"""No single"""
2492;0;"""No single"""
2493;0;"""No single"""
2494;1;Single
2499;0;"""No single"""
2501;0;"""No single"""
2502;0;"""No single"""
2504;1;Single
2507;0;"""No single"""
2508;0;"""No single"""
2509;0;"""No single"""
2510;0;"""No single"""
2511;0;"""No single"""
2513;0;"""No single"""
2514;0;"""No single"""
2515;0;"""No single"""
2518;0;"""No single"""
2522;0;"""No single"""
2523;1;Single
2526;0;"""No single"""
2528;0;"""No single"""
2529;0;"""No single"""
2530;1;Single
2531;0;"""No single"""
2532;0;"""No single"""
2533;0;"""No single"""
2534;1;Single
2536;0;"""No single"""
2539;0;"""No single"""
2540;0;"""No single"""
2541;1;Single
2542;0;"""No single"""
2543;0;"""No single"""
2544;0;"""No single"""
2545;0;"""No single"""
2546;0;"""No single"""
2547;0;"""No single"""
2548;1;Single
2553;1;Single
2555;0;"""No single"""
2556;0;"""No single"""
2559;0;"""No single"""
2560;0;"""No single"""
2561;0;"""No single"""
2562;0;"""No single"""
2564;0;"""No single"""
2565;1;Single
2567;1;Single
2568;1;Single
2571;0;"""No single"""
2574;1;Single
2575;1;Single
2576;1;Single
2579;0;"""No single"""
2583;0;"""No single"""
2587;0;"""No single"""
2588;0;"""No single"""
2589;1;Single
2591;0;"""No single"""
2592;0;"""No single"""
2593;1;Single
2594;0;"""No single"""
2597;0;"""No single"""
2599;1;Single
2600;0;"""No single"""
2601;0;"""No single"""
2603;1;Single
2604;0;"""No single"""
2605;0;"""No single"""
2606;0;"""No single"""
2607;1;Single
2610;1;Single
2612;0;"""No single"""
2616;0;"""No single"""
2620;1;Single
2621;0;"""No single"""
2623;1;Single
2625;0;"""No single"""
2628;0;"""No single"""
2629;0;"""No single"""
2630;1;Single
2631;1;Single
2632;0;"""No single"""
2634;0;"""No single"""
2635;1;Single
2636;0;"""No single"""
2637;1;Single
2638;0;"""No single"""
2640;0;"""No single"""
2643;0;"""No single"""
2646;0;"""No single"""
2650;0;"""No single"""
2652;1;Single
2653;0;"""No single"""
2654;1;Single
2656;0;"""No single"""
2665;0;"""No single"""
2667;0;"""No single"""
2668;0;"""No single"""
2669;0;"""No single"""
2670;0;"""No single"""
2672;0;"""No single"""
2675;0;"""No single"""
2678;0;"""No single"""
2679;0;"""No single"""
2680;0;"""No single"""
2683;0;"""No single"""
2684;0;"""No single"""
2685;0;"""No single"""
2686;0;"""No single"""
2688;0;"""No single"""
2689;1;Single
2690;0;"""No single"""
2694;0;"""No single"""
2696;0;"""No single"""
2698;0;"""No single"""
2699;1;Single
2700;1;Single
2701;0;"""No single"""
2702;0;"""No single"""
2706;0;"""No single"""
2707;0;"""No single"""
2709;1;Single
2711;0;"""No single"""
2713;1;Single
2714;0;"""No single"""
2715;0;"""No single"""
2716;0;"""No single"""
2718;0;"""No single"""
2719;0;"""No single"""
2724;0;"""No single"""
2725;0;"""No single"""
2728;0;"""No single"""
2730;0;"""No single"""
2732;0;"""No single"""
2733;1;Single
2735;0;"""No single"""
2736;0;"""No single"""
2737;0;"""No single"""
2738;0;"""No single"""
2740;1;Single
2742;0;"""No single"""
2744;0;"""No single"""
2746;0;"""No single"""
2747;0;"""No single"""
2748;1;Single
2751;1;Single
2753;0;"""No single"""
2754;0;"""No single"""
2756;1;Single
2757;0;"""No single"""
2758;0;"""No single"""
2761;0;"""No single"""
2765;0;"""No single"""
2767;0;"""No single"""
2769;0;"""No single"""
2770;0;"""No single"""
2772;0;"""No single"""
2773;0;"""No single"""
2774;0;"""No single"""
2776;0;"""No single"""
2777;0;"""No single"""
2778;1;Single
2779;0;"""No single"""
2780;1;Single
2781;1;Single
2782;0;"""No single"""
2785;0;"""No single"""
2786;0;"""No single"""
2787;0;"""No single"""
2789;0;"""No single"""
2790;1;Single
2791;1;Single
2792;0;"""No single"""
2793;0;"""No single"""
2794;1;Single
2795;0;"""No single"""
2797;1;Single
2798;0;"""No single"""
2799;0;"""No single"""
2800;0;"""No single"""
2801;0;"""No single"""
2802;0;"""No single"""
2803;0;"""No single"""
2808;0;"""No single"""
2810;0;"""No single"""
2811;0;"""No single"""
2813;1;Single
2815;0;"""No single"""
2816;0;"""No single"""
2817;0;"""No single"""
2819;0;"""No single"""
2820;0;"""No single"""
2821;1;Single
2822;1;Single
2825;0;"""No single"""
2826;1;Single
2827;0;"""No single"""
2828;0;"""No single"""
2829;1;Single
2834;1;Single
2835;0;"""No single"""
2837;0;"""No single"""
2841;1;Single
2843;0;"""No single"""
2844;0;"""No single"""
2846;0;"""No single"""
2849;1;Single
2850;0;"""No single"""
2851;0;"""No single"""
2852;0;"""No single"""
2853;1;Single
2855;0;"""No single"""
2856;0;"""No single"""
2863;1;Single
2864;0;"""No single"""
2867;0;"""No single"""
2868;0;"""No single"""
2869;0;"""No single"""
2871;1;Single
2872;1;Single
2873;1;Single
2875;0;"""No single"""
2876;0;"""No single"""
2877;0;"""No single"""
2878;0;"""No single"""
2879;1;Single
2880;0;"""No single"""
2881;0;"""No single"""
2885;0;"""No single"""
2886;1;Single
2887;0;"""No single"""
2893;0;"""No single"""
2894;1;Single
2895;0;"""No single"""
2896;0;"""No single"""
2897;0;"""No single"""
2898;0;"""No single"""
2899;0;"""No single"""
2900;0;"""No single"""
2901;0;"""No single"""
2902;0;"""No single"""
2905;0;"""No single"""
2907;1;Single
2912;0;"""No single"""
2915;0;"""No single"""
2917;0;"""No single"""
2918;1;Single
2919;0;"""No single"""
2922;0;"""No single"""
2926;0;"""No single"""
2927;0;"""No single"""
2932;0;"""No single"""
2933;0;"""No single"""
2935;0;"""No single"""
2936;0;"""No single"""
2937;1;Single
2938;0;"""No single"""
2942;0;"""No single"""
2950;0;"""No single"""
2951;0;"""No single"""
2952;0;"""No single"""
2953;1;Single
2955;0;"""No single"""
2958;0;"""No single"""
2959;0;"""No single"""
2960;0;"""No single"""
2962;0;"""No single"""
2963;0;"""No single"""
2965;0;"""No single"""
2967;0;"""No single"""
2968;0;"""No single"""
2969;0;"""No single"""
2971;0;"""No single"""
2976;0;"""No single"""
2979;0;"""No single"""
2980;1;Single
2981;0;"""No single"""
2985;0;"""No single"""
2986;0;"""No single"""
2987;0;"""No single"""
2988;1;Single
2989;0;"""No single"""
2991;1;Single
2992;0;"""No single"""
2999;0;"""No single"""
3003;0;"""No single"""
3004;0;"""No single"""
3005;0;"""No single"""
3006;0;"""No single"""
3009;0;"""No single"""
3010;0;"""No single"""
3011;0;"""No single"""
3012;0;"""No single"""
3017;1;Single
3019;0;"""No single"""
3025;0;"""No single"""
3029;0;"""No single"""
3030;0;"""No single"""
3032;1;Single
3033;0;"""No single"""
3034;0;"""No single"""
3036;0;"""No single"""
3042;0;"""No single"""
3043;0;"""No single"""
3046;0;"""No single"""
3047;1;Single
3048;0;"""No single"""
3049;0;"""No single"""
3050;0;"""No single"""
3051;0;"""No single"""
3052;0;"""No single"""
3055;0;"""No single"""
3059;0;"""No single"""
3060;0;"""No single"""
3061;0;"""No single"""
3062;0;"""No single"""
3065;0;"""No single"""
3070;0;"""No single"""
3071;1;Single
3073;0;"""No single"""
3074;0;"""No single"""
3077;0;"""No single"""
3078;0;"""No single"""
3079;0;"""No single"""
3081;0;"""No single"""
3082;0;"""No single"""
3083;0;"""No single"""
3089;0;"""No single"""
3091;0;"""No single"""
3092;0;"""No single"""
3094;0;"""No single"""
3096;0;"""No single"""
3097;0;"""No single"""
3098;0;"""No single"""
3099;0;"""No single"""
3100;0;"""No single"""
3101;0;"""No single"""
3102;1;Single
3105;0;"""No single"""
3107;0;"""No single"""
3108;0;"""No single"""
3110;0;"""No single"""
3111;1;Single
3113;0;"""No single"""
3114;0;"""No single"""
3117;0;"""No single"""
3119;0;"""No single"""
3120;0;"""No single"""
3121;0;"""No single"""
3122;0;"""No single"""
3123;0;"""No single"""
3124;1;Single
3126;0;"""No single"""
3127;0;"""No single"""
3129;0;"""No single"""
3132;0;"""No single"""
3133;0;"""No single"""
3134;0;"""No single"""
3135;0;"""No single"""
3136;0;"""No single"""
3138;0;"""No single"""
3139;1;Single
3140;0;"""No single"""
3144;0;"""No single"""
3146;0;"""No single"""
3151;0;"""No single"""
3152;0;"""No single"""
3154;1;Single
3155;0;"""No single"""
3157;1;Single
3159;0;"""No single"""
3162;1;Single
3164;0;"""No single"""
3168;0;"""No single"""
3170;0;"""No single"""
3172;1;Single
3174;0;"""No single"""
3177;0;"""No single"""
3178;0;"""No single"""
3180;1;Single
3181;0;"""No single"""
3184;0;"""No single"""
3185;0;"""No single"""
3187;0;"""No single"""
3189;0;"""No single"""
3191;0;"""No single"""
3192;1;Single
3198;0;"""No single"""
3201;0;"""No single"""
3203;0;"""No single"""
3204;0;"""No single"""
3205;0;"""No single"""
3207;1;Single
3209;0;"""No single"""
3212;1;Single
3213;1;Single
3215;0;"""No single"""
3216;0;"""No single"""
3217;1;Single
3219;0;"""No single"""
3221;0;"""No single"""
3224;1;Single
3226;0;"""No single"""
3228;0;"""No single"""
3229;0;"""No single"""
3231;1;Single
3232;0;"""No single"""
3234;1;Single
3235;0;"""No single"""
3236;0;"""No single"""
3238;0;"""No single"""
3240;0;"""No single"""
3242;0;"""No single"""
3243;0;"""No single"""
3244;0;"""No single"""
3245;0;"""No single"""
3246;0;"""No single"""
3247;0;"""No single"""
3248;0;"""No single"""
3249;0;"""No single"""
3251;1;Single
3253;0;"""No single"""
3258;0;"""No single"""
3260;0;"""No single"""
3261;1;Single
3262;0;"""No single"""
3264;1;Single
3265;0;"""No single"""
3266;1;Single
3268;1;Single
3269;1;Single
3270;0;"""No single"""
3271;0;"""No single"""
3273;0;"""No single"""
3276;0;"""No single"""
3277;0;"""No single"""
3278;0;"""No single"""
3279;0;"""No single"""
3280;0;"""No single"""
3281;0;"""No single"""
3282;0;"""No single"""
3286;0;"""No single"""
3289;1;Single
3290;0;"""No single"""
3291;0;"""No single"""
3294;0;"""No single"""
3296;0;"""No single"""
3300;1;Single
3302;0;"""No single"""
3303;0;"""No single"""
3305;1;Single
3306;0;"""No single"""
3307;0;"""No single"""
3308;0;"""No single"""
3310;0;"""No single"""
3311;0;"""No single"""
3315;0;"""No single"""
3316;0;"""No single"""
3323;1;Single
3327;0;"""No single"""
3328;0;"""No single"""
3332;0;"""No single"""
3334;0;"""No single"""
3335;0;"""No single"""
3336;0;"""No single"""
3337;0;"""No single"""
3339;0;"""No single"""
3341;0;"""No single"""
3342;1;Single
3343;0;"""No single"""
3346;0;"""No single"""
3352;0;"""No single"""
3355;0;"""No single"""
3357;0;"""No single"""
3358;0;"""No single"""
3366;0;"""No single"""
3367;0;"""No single"""
3368;0;"""No single"""
3369;0;"""No single"""
3372;0;"""No single"""
3373;1;Single
3374;0;"""No single"""
3375;0;"""No single"""
3378;1;Single
3380;0;"""No single"""
3382;0;"""No single"""
3383;0;"""No single"""
3384;0;"""No single"""
3385;0;"""No single"""
3386;0;"""No single"""
3387;0;"""No single"""
3388;0;"""No single"""
3389;0;"""No single"""
3393;1;Single
3394;0;"""No single"""
3397;0;"""No single"""
3398;0;"""No single"""
3403;0;"""No single"""
3404;0;"""No single"""
3405;0;"""No single"""
3407;0;"""No single"""
3411;0;"""No single"""
3412;0;"""No single"""
3416;1;Single
3417;0;"""No single"""
3419;0;"""No single"""
3420;0;"""No single"""
3421;0;"""No single"""
3424;0;"""No single"""
3427;0;"""No single"""
3428;1;Single
3430;0;"""No single"""
3431;0;"""No single"""
3433;0;"""No single"""
3434;1;Single
3435;0;"""No single"""
3436;0;"""No single"""
3437;0;"""No single"""
3438;0;"""No single"""
3440;0;"""No single"""
3442;1;Single
3443;0;"""No single"""
3444;0;"""No single"""
3445;0;"""No single"""
3446;0;"""No single"""
3447;0;"""No single"""
3448;0;"""No single"""
3449;0;"""No single"""
3453;0;"""No single"""
3455;0;"""No single"""
3456;0;"""No single"""
3458;1;Single
3461;0;"""No single"""
3463;0;"""No single"""
3465;0;"""No single"""
3466;1;Single
3467;1;Single
3468;0;"""No single"""
3469;0;"""No single"""
3470;0;"""No single"""
3471;0;"""No single"""
3473;0;"""No single"""
3474;0;"""No single"""
3477;0;"""No single"""
3478;0;"""No single"""
3479;0;"""No single"""
3484;0;"""No single"""
3485;0;"""No single"""
3486;0;"""No single"""
3489;0;"""No single"""
3490;0;"""No single"""
3492;1;Single
3493;0;"""No single"""
3494;0;"""No single"""
3495;0;"""No single"""
3496;0;"""No single"""
3498;1;Single
3499;1;Single
3500;0;"""No single"""
3503;0;"""No single"""
3505;0;"""No single"""
3506;0;"""No single"""
3507;0;"""No single"""
3508;0;"""No single"""
3510;0;"""No single"""
3514;0;"""No single"""
3517;0;"""No single"""
3518;0;"""No single"""
3519;0;"""No single"""
3522;0;"""No single"""
3523;0;"""No single"""
3525;0;"""No single"""
3526;1;Single
3527;0;"""No single"""
3528;0;"""No single"""
3534;0;"""No single"""
3535;0;"""No single"""
3536;0;"""No single"""
3537;0;"""No single"""
3538;0;"""No single"""
3539;0;"""No single"""
3541;0;"""No single"""
3542;0;"""No single"""
3543;0;"""No single"""
3545;0;"""No single"""
3546;0;"""No single"""
3547;1;Single
3550;0;"""No single"""
3551;0;"""No single"""
3553;0;"""No single"""
3555;1;Single
3556;0;"""No single"""
3558;0;"""No single"""
3559;0;"""No single"""
3560;0;"""No single"""
3561;1;Single
3567;0;"""No single"""
3576;0;"""No single"""
3577;0;"""No single"""
3579;1;Single
3580;0;"""No single"""
3585;0;"""No single"""
3587;0;"""No single"""
3589;1;Single
3590;0;"""No single"""
3593;0;"""No single"""
3594;0;"""No single"""
3595;0;"""No single"""
3596;0;"""No single"""
3597;0;"""No single"""
3598;0;"""No single"""
3603;0;"""No single"""
3604;0;"""No single"""
3606;0;"""No single"""
3610;0;"""No single"""
3611;0;"""No single"""
3612;1;Single
3613;0;"""No single"""
3614;0;"""No single"""
3615;0;"""No single"""
3616;1;Single
3617;0;"""No single"""
3618;0;"""No single"""
3620;0;"""No single"""
3621;0;"""No single"""
3625;0;"""No single"""
3626;0;"""No single"""
3627;0;"""No single"""
3629;0;"""No single"""
3632;0;"""No single"""
3633;0;"""No single"""
3634;0;"""No single"""
3637;0;"""No single"""
3638;0;"""No single"""
3639;1;Single
3640;0;"""No single"""
3641;0;"""No single"""
3642;0;"""No single"""
3643;1;Single
3647;0;"""No single"""
3648;0;"""No single"""
3650;0;"""No single"""
3652;0;"""No single"""
3655;1;Single
3659;0;"""No single"""
3660;0;"""No single"""
3661;0;"""No single"""
3662;1;Single
3663;0;"""No single"""
3665;0;"""No single"""
3667;1;Single
3670;0;"""No single"""
3673;0;"""No single"""
3676;0;"""No single"""
3677;0;"""No single"""
3681;1;Single
3686;0;"""No single"""
3689;0;"""No single"""
3690;1;Single
3693;0;"""No single"""
3694;0;"""No single"""
3696;1;Single
3697;0;"""No single"""
3698;0;"""No single"""
3700;1;Single
3701;0;"""No single"""
3702;0;"""No single"""
3704;0;"""No single"""
3705;0;"""No single"""
3708;1;Single
3712;1;Single
3715;1;Single
3716;0;"""No single"""
3718;0;"""No single"""
3720;0;"""No single"""
3722;0;"""No single"""
3723;1;Single
3724;0;"""No single"""
3725;0;"""No single"""
3726;0;"""No single"""
3728;0;"""No single"""
3729;0;"""No single"""
3730;0;"""No single"""
3731;0;"""No single"""
3734;0;"""No single"""
3736;0;"""No single"""
3737;0;"""No single"""
3738;0;"""No single"""
3740;1;Single
3741;0;"""No single"""
3743;0;"""No single"""
3744;0;"""No single"""
3745;0;"""No single"""
3747;0;"""No single"""
3748;0;"""No single"""
3750;0;"""No single"""
3751;0;"""No single"""
3753;0;"""No single"""
3754;0;"""No single"""
3756;0;"""No single"""
3757;0;"""No single"""
3758;0;"""No single"""
3761;0;"""No single"""
3762;0;"""No single"""
3766;0;"""No single"""
3768;0;"""No single"""
3769;1;Single
3770;1;Single
3773;0;"""No single"""
3774;0;"""No single"""
3775;0;"""No single"""
3780;1;Single
3781;0;"""No single"""
3783;1;Single
3785;1;Single
3787;0;"""No single"""
3790;0;"""No single"""
3791;1;Single
3794;0;"""No single"""
3796;0;"""No single"""
3797;0;"""No single"""
3799;0;"""No single"""
3801;0;"""No single"""
3802;0;"""No single"""
3807;0;"""No single"""
3808;0;"""No single"""
3809;0;"""No single"""
3810;0;"""No single"""
3812;1;Single
3813;1;Single
3814;1;Single
3819;0;"""No single"""
3820;0;"""No single"""
3821;0;"""No single"""
3822;0;"""No single"""
3827;0;"""No single"""
3828;1;Single
3831;0;"""No single"""
3836;0;"""No single"""
3839;0;"""No single"""
3840;0;"""No single"""
3844;0;"""No single"""
3846;0;"""No single"""
3853;0;"""No single"""
3854;0;"""No single"""
3855;0;"""No single"""
3856;0;"""No single"""
3859;0;"""No single"""
3862;1;Single
3865;0;"""No single"""
3866;0;"""No single"""
3870;0;"""No single"""
3871;0;"""No single"""
3873;1;Single
3875;0;"""No single"""
3876;1;Single
3880;0;"""No single"""
3881;0;"""No single"""
3884;1;Single
3887;1;Single
3889;0;"""No single"""
3891;0;"""No single"""
3892;0;"""No single"""
3895;0;"""No single"""
3896;0;"""No single"""
3900;0;"""No single"""
3901;0;"""No single"""
3902;0;"""No single"""
3903;1;Single
3904;0;"""No single"""
3908;0;"""No single"""
3913;0;"""No single"""
3914;0;"""No single"""
3916;0;"""No single"""
3917;0;"""No single"""
3920;1;Single
3921;0;"""No single"""
3922;1;Single
3924;0;"""No single"""
3927;0;"""No single"""
3931;0;"""No single"""
3932;0;"""No single"""
3934;0;"""No single"""
3940;0;"""No single"""
3941;0;"""No single"""
3942;0;"""No single"""
3943;0;"""No single"""
3945;1;Single
3948;0;"""No single"""
3952;0;"""No single"""
3953;1;Single
3955;0;"""No single"""
3957;0;"""No single"""
3959;0;"""No single"""
3960;0;"""No single"""
3961;0;"""No single"""
3962;0;"""No single"""
3964;0;"""No single"""
3965;1;Single
3970;0;"""No single"""
3971;0;"""No single"""
3973;0;"""No single"""
3974;0;"""No single"""
3976;1;Single
3979;0;"""No single"""
3981;1;Single
3982;0;"""No single"""
3983;0;"""No single"""
3985;0;"""No single"""
3986;1;Single
3988;0;"""No single"""
3992;0;"""No single"""
3996;0;"""No single"""
3997;0;"""No single"""
4001;0;"""No single"""
4004;0;"""No single"""
4005;0;"""No single"""
4009;0;"""No single"""
4012;0;"""No single"""
4014;0;"""No single"""
4016;0;"""No single"""
4019;1;Single
4020;0;"""No single"""
4021;0;"""No single"""
4022;0;"""No single"""
4023;0;"""No single"""
4024;0;"""No single"""
4026;0;"""No single"""
4027;0;"""No single"""
4031;0;"""No single"""
4032;0;"""No single"""
4034;0;"""No single"""
4035;0;"""No single"""
4039;0;"""No single"""
4040;0;"""No single"""
4041;0;"""No single"""
4045;0;"""No single"""
4050;0;"""No single"""
4051;0;"""No single"""
4053;0;"""No single"""
4054;1;Single
4056;0;"""No single"""
4057;0;"""No single"""
4058;0;"""No single"""
4059;0;"""No single"""
4060;0;"""No single"""
4061;0;"""No single"""
4068;0;"""No single"""
4074;0;"""No single"""
4076;1;Single
4077;1;Single
4078;1;Single
4079;0;"""No single"""
4080;0;"""No single"""
4081;0;"""No single"""
4083;0;"""No single"""
4086;0;"""No single"""
4087;0;"""No single"""
4088;0;"""No single"""
4090;1;Single
4091;0;"""No single"""
4092;1;Single
4094;0;"""No single"""
4095;0;"""No single"""
4097;0;"""No single"""
4098;0;"""No single"""
4099;0;"""No single"""
4100;0;"""No single"""
4102;0;"""No single"""
4106;0;"""No single"""
4109;0;"""No single"""
4111;0;"""No single"""
4112;0;"""No single"""
4115;0;"""No single"""
4120;1;Single
4123;0;"""No single"""
4124;0;"""No single"""
4128;0;"""No single"""
4129;0;"""No single"""
4131;0;"""No single"""
4133;1;Single
4134;0;"""No single"""
4135;0;"""No single"""
4137;0;"""No single"""
4142;0;"""No single"""
4144;0;"""No single"""
4145;0;"""No single"""
4146;0;"""No single"""
4147;0;"""No single"""
4149;1;Single
4157;0;"""No single"""
4158;1;Single
4160;0;"""No single"""
4164;0;"""No single"""
4172;0;"""No single"""
4173;0;"""No single"""
4175;1;Single
4176;1;Single
4177;0;"""No single"""
4178;0;"""No single"""
4179;1;Single
4180;0;"""No single"""
4181;1;Single
4182;0;"""No single"""
4184;0;"""No single"""
4185;0;"""No single"""
4187;0;"""No single"""
4189;0;"""No single"""
4190;0;"""No single"""
4191;0;"""No single"""
4192;1;Single
4196;0;"""No single"""
4199;0;"""No single"""
4200;0;"""No single"""
4201;0;"""No single"""
4202;0;"""No single"""
4203;1;Single
4209;1;Single
4211;0;"""No single"""
4212;0;"""No single"""
4213;0;"""No single"""
4218;0;"""No single"""
4219;1;Single
4221;0;"""No single"""
4222;0;"""No single"""
4223;0;"""No single"""
4224;0;"""No single"""
4225;0;"""No single"""
4226;0;"""No single"""
4229;0;"""No single"""
4231;0;"""No single"""
4236;0;"""No single"""
4237;0;"""No single"""
4241;0;"""No single"""
4242;0;"""No single"""
4243;0;"""No single"""
4244;0;"""No single"""
4245;0;"""No single"""
4246;1;Single
4247;0;"""No single"""
4251;1;Single
4253;0;"""No single"""
4254;1;Single
4255;1;Single
4256;0;"""No single"""
4257;0;"""No single"""
4258;0;"""No single"""
4259;0;"""No single"""
4263;1;Single
4265;1;Single
4266;0;"""No single"""
4268;0;"""No single"""
4270;0;"""No single"""
4271;0;"""No single"""
4273;1;Single
4275;0;"""No single"""
4276;1;Single
4278;0;"""No single"""
4279;0;"""No single"""
4280;0;"""No single"""
4282;0;"""No single"""
4283;0;"""No single"""
4284;1;Single
4287;0;"""No single"""
4288;0;"""No single"""
4289;0;"""No single"""
4290;0;"""No single"""
4291;1;Single
4293;1;Single
4295;0;"""No single"""
4296;0;"""No single"""
4297;0;"""No single"""
4299;1;Single
4300;0;"""No single"""
4303;0;"""No single"""
4305;0;"""No single"""
4306;0;"""No single"""
4307;0;"""No single"""
4311;0;"""No single"""
4312;0;"""No single"""
4313;0;"""No single"""
4314;0;"""No single"""
4315;1;Single
4316;0;"""No single"""
4317;0;"""No single"""
4318;1;Single
4319;0;"""No single"""
4321;1;Single
4323;0;"""No single"""
4324;0;"""No single"""
4325;0;"""No single"""
4326;0;"""No single"""
4329;0;"""No single"""
4331;0;"""No single"""
4333;0;"""No single"""
4334;0;"""No single"""
4336;0;"""No single"""
4338;0;"""No single"""
4339;1;Single
4340;0;"""No single"""
4342;0;"""No single"""
4347;0;"""No single"""
4350;0;"""No single"""
4351;0;"""No single"""
4352;1;Single
4353;0;"""No single"""
4356;0;"""No single"""
4358;0;"""No single"""
4360;0;"""No single"""
4361;0;"""No single"""
4364;0;"""No single"""
4365;1;Single
4366;0;"""No single"""
4369;0;"""No single"""
4373;0;"""No single"""
4374;0;"""No single"""
4377;0;"""No single"""
4378;0;"""No single"""
4379;1;Single
4380;0;"""No single"""
4381;0;"""No single"""
4382;1;Single
4384;0;"""No single"""
4386;1;Single
4387;0;"""No single"""
4388;0;"""No single"""
4389;1;Single
4392;1;Single
4394;0;"""No single"""
4395;1;Single
4396;0;"""No single"""
4397;1;Single
4398;0;"""No single"""
4399;0;"""No single"""
4401;0;"""No single"""
4403;0;"""No single"""
4404;0;"""No single"""
4410;1;Single
4411;1;Single
4412;1;Single
4414;0;"""No single"""
4417;0;"""No single"""
4419;0;"""No single"""
4420;0;"""No single"""
4421;0;"""No single"""
4423;0;"""No single"""
4424;0;"""No single"""
4429;0;"""No single"""
4430;0;"""No single"""
4431;0;"""No single"""
4433;0;"""No single"""
4434;1;Single
4441;0;"""No single"""
4443;0;"""No single"""
4445;0;"""No single"""
4448;0;"""No single"""
4449;1;Single
4450;0;"""No single"""
4452;0;"""No single"""
4454;0;"""No single"""
4455;0;"""No single"""
4456;1;Single
4457;0;"""No single"""
4458;0;"""No single"""
4463;0;"""No single"""
4464;0;"""No single"""
4466;0;"""No single"""
4469;0;"""No single"""
4470;0;"""No single"""
4471;1;Single
4474;0;"""No single"""
4476;0;"""No single"""
4485;0;"""No single"""
4486;0;"""No single"""
4487;0;"""No single"""
4488;0;"""No single"""
4489;0;"""No single"""
4490;0;"""No single"""
4492;0;"""No single"""
4494;0;"""No single"""
4496;0;"""No single"""
4499;0;"""No single"""
4502;1;Single
4503;1;Single
4504;0;"""No single"""
4506;0;"""No single"""
4507;0;"""No single"""
4509;0;"""No single"""
4511;0;"""No single"""
4513;1;Single
4515;0;"""No single"""
4516;0;"""No single"""
4517;1;Single
4519;0;"""No single"""
4520;0;"""No single"""
4521;0;"""No single"""
4525;0;"""No single"""
4526;0;"""No single"""
4528;0;"""No single"""
4530;0;"""No single"""
4534;0;"""No single"""
4535;1;Single
4536;0;"""No single"""
4541;0;"""No single"""
4544;0;"""No single"""
4545;0;"""No single"""
4547;0;"""No single"""
4548;0;"""No single"""
4560;0;"""No single"""
4561;1;Single
4562;1;Single
4563;0;"""No single"""
4564;1;Single
4567;0;"""No single"""
4568;0;"""No single"""
4570;0;"""No single"""
4572;0;"""No single"""
4573;0;"""No single"""
4575;0;"""No single"""
4576;0;"""No single"""
4578;0;"""No single"""
4581;0;"""No single"""
4582;0;"""No single"""
4584;0;"""No single"""
4585;0;"""No single"""
4588;1;Single
4589;1;Single
4590;1;Single
4592;0;"""No single"""
4593;0;"""No single"""
4594;0;"""No single"""
4597;0;"""No single"""
4600;0;"""No single"""
4604;0;"""No single"""
4607;0;"""No single"""
4608;0;"""No single"""
4609;1;Single
4610;1;Single
4614;0;"""No single"""
4617;0;"""No single"""
4619;0;"""No single"""
4620;0;"""No single"""
4621;0;"""No single"""
4624;0;"""No single"""
4625;0;"""No single"""
4627;0;"""No single"""
4632;0;"""No single"""
4634;0;"""No single"""
4635;0;"""No single"""
4636;0;"""No single"""
4637;0;"""No single"""
4639;0;"""No single"""
4640;1;Single
4641;0;"""No single"""
4642;0;"""No single"""
4643;1;Single
4644;0;"""No single"""
4645;0;"""No single"""
4646;0;"""No single"""
4648;0;"""No single"""
4650;0;"""No single"""
4652;0;"""No single"""
4653;0;"""No single"""
4654;1;Single
4655;0;"""No single"""
4656;0;"""No single"""
4657;0;"""No single"""
4658;0;"""No single"""
4663;0;"""No single"""
4664;0;"""No single"""
4665;1;Single
4666;0;"""No single"""
4667;1;Single
4668;0;"""No single"""
4669;0;"""No single"""
4670;0;"""No single"""
4671;1;Single
4672;0;"""No single"""
4675;0;"""No single"""
4676;1;Single
4677;0;"""No single"""
4678;1;Single
4679;1;Single
4682;0;"""No single"""
4684;0;"""No single"""
4685;1;Single
4686;1;Single
4689;0;"""No single"""
4691;0;"""No single"""
4693;0;"""No single"""
4694;0;"""No single"""
4695;0;"""No single"""
4696;1;Single
4697;0;"""No single"""
4699;0;"""No single"""
4701;0;"""No single"""
4703;1;Single
4705;1;Single
4707;0;"""No single"""
4708;0;"""No single"""
4711;0;"""No single"""
4712;0;"""No single"""
4713;0;"""No single"""
4714;0;"""No single"""
4715;0;"""No single"""
4716;0;"""No single"""
4718;0;"""No single"""
4720;0;"""No single"""
4721;0;"""No single"""
4722;0;"""No single"""
4723;0;"""No single"""
4724;0;"""No single"""
4725;1;Single
4726;0;"""No single"""
4731;0;"""No single"""
4732;0;"""No single"""
4733;1;Single
4734;0;"""No single"""
4737;0;"""No single"""
4743;0;"""No single"""
4744;1;Single
4745;0;"""No single"""
4746;0;"""No single"""
4747;0;"""No single"""
4750;0;"""No single"""
4751;0;"""No single"""
4754;0;"""No single"""
4758;1;Single
4766;0;"""No single"""
4768;0;"""No single"""
4769;0;"""No single"""
4770;0;"""No single"""
4773;0;"""No single"""
4774;0;"""No single"""
4776;0;"""No single"""
4777;0;"""No single"""
4778;0;"""No single"""
4779;0;"""No single"""
4781;0;"""No single"""
4782;0;"""No single"""
4784;0;"""No single"""
4785;0;"""No single"""
4787;0;"""No single"""
4788;0;"""No single"""
4791;1;Single
4795;0;"""No single"""
4797;1;Single
4799;0;"""No single"""
4801;0;"""No single"""
4802;0;"""No single"""
4805;0;"""No single"""
4807;0;"""No single"""
4809;0;"""No single"""
4810;1;Single
4811;1;Single
4812;0;"""No single"""
4813;0;"""No single"""
4815;1;Single
4817;0;"""No single"""
4818;0;"""No single"""
4819;0;"""No single"""
4820;0;"""No single"""
4821;0;"""No single"""
4822;0;"""No single"""
4823;0;"""No single"""
4825;1;Single
4829;1;Single
4830;1;Single
4831;0;"""No single"""
4832;0;"""No single"""
4833;0;"""No single"""
4835;0;"""No single"""
4836;1;Single
4837;0;"""No single"""
4838;0;"""No single"""
4841;0;"""No single"""
4843;0;"""No single"""
4844;0;"""No single"""
4847;0;"""No single"""
4855;0;"""No single"""
4856;0;"""No single"""
4857;0;"""No single"""
4858;0;"""No single"""
4859;0;"""No single"""
4860;1;Single
4861;0;"""No single"""
4864;0;"""No single"""
4867;0;"""No single"""
4868;0;"""No single"""
4870;1;Single
4871;1;Single
4874;0;"""No single"""
4875;0;"""No single"""
4877;0;"""No single"""
4878;0;"""No single"""
4879;0;"""No single"""
4880;1;Single
4882;0;"""No single"""
4884;1;Single
4885;1;Single
4889;1;Single
4890;0;"""No single"""
4891;1;Single
4892;0;"""No single"""
4893;0;"""No single"""
4894;0;"""No single"""
4895;0;"""No single"""
4897;0;"""No single"""
4899;0;"""No single"""
4901;0;"""No single"""
4902;1;Single
4903;1;Single
4904;0;"""No single"""
4905;1;Single
4906;0;"""No single"""
4908;0;"""No single"""
4910;0;"""No single"""
4911;0;"""No single"""
4913;0;"""No single"""
4914;0;"""No single"""
4915;0;"""No single"""
4919;0;"""No single"""
4920;0;"""No single"""
4921;1;Single
4924;0;"""No single"""
4926;1;Single
4927;1;Single
4928;1;Single
4929;0;"""No single"""
4930;0;"""No single"""
4932;0;"""No single"""
4936;0;"""No single"""
4940;0;"""No single"""
4942;0;"""No single"""
4945;1;Single
4946;0;"""No single"""
4948;1;Single
4949;0;"""No single"""
4950;0;"""No single"""
4952;0;"""No single"""
4954;0;"""No single"""
4956;0;"""No single"""
4960;0;"""No single"""
4961;0;"""No single"""
4962;0;"""No single"""
4963;0;"""No single"""
4964;0;"""No single"""
4965;0;"""No single"""
4967;0;"""No single"""
4968;0;"""No single"""
4969;1;Single
4971;0;"""No single"""
4972;0;"""No single"""
4975;0;"""No single"""
4977;0;"""No single"""
4978;0;"""No single"""
4979;0;"""No single"""
4982;0;"""No single"""
4986;0;"""No single"""
4987;0;"""No single"""
4988;0;"""No single"""
4990;0;"""No single"""
4991;0;"""No single"""
4992;0;"""No single"""
4993;0;"""No single"""
4998;0;"""No single"""
5000;0;"""No single"""
5001;0;"""No single"""
5003;1;Single
5005;0;"""No single"""
5006;0;"""No single"""
5007;1;Single
5011;0;"""No single"""
5013;0;"""No single"""
5014;1;Single
5016;0;"""No single"""
5018;0;"""No single"""
5019;0;"""No single"""
5020;0;"""No single"""
5021;0;"""No single"""
5022;0;"""No single"""
5024;0;"""No single"""
5027;0;"""No single"""
5031;0;"""No single"""
5033;0;"""No single"""
5034;0;"""No single"""
5037;0;"""No single"""
5038;0;"""No single"""
5041;0;"""No single"""
5042;0;"""No single"""
5047;0;"""No single"""
5048;0;"""No single"""
5049;0;"""No single"""
5051;0;"""No single"""
5052;0;"""No single"""
5053;0;"""No single"""
5055;0;"""No single"""
5058;0;"""No single"""
5059;0;"""No single"""
5061;1;Single
5064;0;"""No single"""
5067;0;"""No single"""
5070;0;"""No single"""
5071;0;"""No single"""
5072;0;"""No single"""
5073;1;Single
5074;1;Single
5075;0;"""No single"""
5076;1;Single
5077;0;"""No single"""
5078;0;"""No single"""
5080;0;"""No single"""
5081;0;"""No single"""
5083;1;Single
5084;0;"""No single"""
5085;0;"""No single"""
5086;0;"""No single"""
5087;0;"""No single"""
5088;0;"""No single"""
5089;0;"""No single"""
5090;0;"""No single"""
5092;0;"""No single"""
5095;0;"""No single"""
5096;0;"""No single"""
5097;0;"""No single"""
5098;0;"""No single"""
5101;0;"""No single"""
5102;0;"""No single"""
5104;0;"""No single"""
5105;0;"""No single"""
5106;0;"""No single"""
5108;1;Single
5109;0;"""No single"""
5110;0;"""No single"""
5112;1;Single
5113;0;"""No single"""
5114;0;"""No single"""
5115;0;"""No single"""
5116;0;"""No single"""
5117;0;"""No single"""
5118;0;"""No single"""
5122;0;"""No single"""
5123;0;"""No single"""
5125;0;"""No single"""
5127;1;Single
5130;0;"""No single"""
5135;1;Single
5136;0;"""No single"""
5137;0;"""No single"""
5141;0;"""No single"""
5144;0;"""No single"""
5145;0;"""No single"""
5146;1;Single
5148;0;"""No single"""
5149;0;"""No single"""
5150;0;"""No single"""
5151;0;"""No single"""
5152;0;"""No single"""
5153;0;"""No single"""
5155;0;"""No single"""
5156;0;"""No single"""
5158;0;"""No single"""
5160;0;"""No single"""
5161;0;"""No single"""
5162;0;"""No single"""
5164;0;"""No single"""
5167;0;"""No single"""
5168;0;"""No single"""
5171;0;"""No single"""
5172;1;Single
5173;0;"""No single"""
5174;0;"""No single"""
5175;1;Single
5176;0;"""No single"""
5178;0;"""No single"""
5179;1;Single
5182;1;Single
5184;0;"""No single"""
5185;0;"""No single"""
5189;0;"""No single"""
5192;0;"""No single"""
5193;0;"""No single"""
5194;1;Single
5195;0;"""No single"""
5196;0;"""No single"""
5197;0;"""No single"""
5198;0;"""No single"""
5200;0;"""No single"""
5201;0;"""No single"""
5203;0;"""No single"""
5207;0;"""No single"""
5211;0;"""No single"""
5212;0;"""No single"""
5214;1;Single
5215;1;Single
5217;0;"""No single"""
5218;0;"""No single"""
5219;0;"""No single"""
5224;0;"""No single"""
5225;1;Single
5230;0;"""No single"""
5232;0;"""No single"""
5236;0;"""No single"""
5237;0;"""No single"""
5238;0;"""No single"""
5240;0;"""No single"""
5241;1;Single
5245;0;"""No single"""
5247;1;Single
5248;1;Single
5251;0;"""No single"""
5254;0;"""No single"""
5257;0;"""No single"""
5258;0;"""No single"""
5261;0;"""No single"""
5264;0;"""No single"""
5265;1;Single
5266;0;"""No single"""
5267;0;"""No single"""
5268;1;Single
5269;0;"""No single"""
5271;0;"""No single"""
5272;0;"""No single"""
5274;1;Single
5275;0;"""No single"""
5276;0;"""No single"""
5278;1;Single
5280;0;"""No single"""
5288;1;Single
5294;0;"""No single"""
5296;0;"""No single"""
5304;0;"""No single"""
5307;0;"""No single"""
5308;0;"""No single"""
5310;0;"""No single"""
5312;0;"""No single"""
5313;1;Single
5316;0;"""No single"""
5318;0;"""No single"""
5319;1;Single
5324;0;"""No single"""
5325;0;"""No single"""
5326;0;"""No single"""
5328;0;"""No single"""
5331;0;"""No single"""
5332;0;"""No single"""
5333;0;"""No single"""
5334;1;Single
5336;0;"""No single"""
5337;0;"""No single"""
5338;0;"""No single"""
5342;0;"""No single"""
5346;0;"""No single"""
5348;0;"""No single"""
5349;0;"""No single"""
5350;0;"""No single"""
5351;0;"""No single"""
5355;0;"""No single"""
5362;0;"""No single"""
5363;0;"""No single"""
5364;0;"""No single"""
5366;0;"""No single"""
5367;0;"""No single"""
5368;0;"""No single"""
5369;0;"""No single"""
5370;1;Single
5373;0;"""No single"""
5375;0;"""No single"""
5376;0;"""No single"""
5377;0;"""No single"""
5378;1;Single
5379;0;"""No single"""
5381;0;"""No single"""
5382;0;"""No single"""
5383;0;"""No single"""
5385;0;"""No single"""
5386;0;"""No single"""
5389;0;"""No single"""
5391;0;"""No single"""
5393;1;Single
5394;0;"""No single"""
5396;0;"""No single"""
5397;0;"""No single"""
5399;1;Single
5402;1;Single
5406;0;"""No single"""
5407;0;"""No single"""
5408;0;"""No single"""
5409;1;Single
5411;0;"""No single"""
5415;1;Single
5416;0;"""No single"""
5417;1;Single
5422;0;"""No single"""
5425;0;"""No single"""
5426;1;Single
5428;0;"""No single"""
5429;0;"""No single"""
5434;0;"""No single"""
5438;0;"""No single"""
5439;0;"""No single"""
5440;0;"""No single"""
5441;0;"""No single"""
5443;0;"""No single"""
5446;0;"""No single"""
5450;0;"""No single"""
5451;1;Single
5455;0;"""No single"""
5456;0;"""No single"""
5458;0;"""No single"""
5459;0;"""No single"""
5460;0;"""No single"""
5461;0;"""No single"""
5462;0;"""No single"""
5463;0;"""No single"""
5464;1;Single
5466;1;Single
5467;0;"""No single"""
5468;0;"""No single"""
5469;0;"""No single"""
5470;0;"""No single"""
5471;0;"""No single"""
5472;0;"""No single"""
5474;0;"""No single"""
5475;0;"""No single"""
5476;0;"""No single"""
5480;0;"""No single"""
5481;0;"""No single"""
5483;0;"""No single"""
5485;0;"""No single"""
5488;0;"""No single"""
5490;0;"""No single"""
5491;0;"""No single"""
5493;0;"""No single"""
5494;1;Single
5496;0;"""No single"""
5497;1;Single
5498;1;Single
5499;1;Single
5500;1;Single
5501;0;"""No single"""
5502;1;Single
5503;0;"""No single"""
5505;0;"""No single"""
5507;0;"""No single"""
5508;0;"""No single"""
5510;1;Single
5511;0;"""No single"""
5517;0;"""No single"""
5518;0;"""No single"""
5520;0;"""No single"""
5524;0;"""No single"""
5525;1;Single
5526;0;"""No single"""
5527;1;Single
5528;0;"""No single"""
5531;1;Single
5537;0;"""No single"""
5539;0;"""No single"""
5540;1;Single
5545;0;"""No single"""
5546;0;"""No single"""
5547;1;Single
5549;0;"""No single"""
5551;0;"""No single"""
5552;0;"""No single"""
5554;0;"""No single"""
5556;0;"""No single"""
5559;1;Single
5560;0;"""No single"""
5561;0;"""No single"""
5563;0;"""No single"""
5565;1;Single
5566;1;Single
5568;0;"""No single"""
5570;0;"""No single"""
5572;1;Single
5573;0;"""No single"""
5578;1;Single
5580;0;"""No single"""
5583;0;"""No single"""
5584;1;Single
5585;0;"""No single"""
5589;0;"""No single"""
5593;0;"""No single"""
5595;0;"""No single"""
5597;0;"""No single"""
5598;1;Single
5600;0;"""No single"""
5601;0;"""No single"""
5604;0;"""No single"""
5605;0;"""No single"""
5606;0;"""No single"""
5610;0;"""No single"""
5611;0;"""No single"""
5618;1;Single
5619;1;Single
5620;1;Single
5622;0;"""No single"""
5626;0;"""No single"""
5627;0;"""No single"""
5630;0;"""No single"""
5631;1;Single
5632;0;"""No single"""
5635;0;"""No single"""
5636;0;"""No single"""
5637;0;"""No single"""
5638;0;"""No single"""
5639;0;"""No single"""
5642;0;"""No single"""
5643;1;Single
5644;0;"""No single"""
5645;0;"""No single"""
5646;0;"""No single"""
5647;0;"""No single"""
5648;0;"""No single"""
5649;0;"""No single"""
5650;0;"""No single"""
5652;0;"""No single"""
5653;0;"""No single"""
5654;1;Single
5656;0;"""No single"""
5657;0;"""No single"""
5660;0;"""No single"""
5662;0;"""No single"""
5667;0;"""No single"""
5668;0;"""No single"""
5671;0;"""No single"""
5674;1;Single
5675;0;"""No single"""
5680;1;Single
5683;0;"""No single"""
5686;0;"""No single"""
5687;0;"""No single"""
5689;0;"""No single"""
5693;0;"""No single"""
5696;0;"""No single"""
5697;0;"""No single"""
5701;0;"""No single"""
5710;0;"""No single"""
5711;0;"""No single"""
5712;0;"""No single"""
5714;0;"""No single"""
5715;1;Single
5716;0;"""No single"""
5717;0;"""No single"""
5718;0;"""No single"""
5725;0;"""No single"""
5727;1;Single
5729;0;"""No single"""
5730;0;"""No single"""
5732;0;"""No single"""
5733;0;"""No single"""
5736;0;"""No single"""
5737;0;"""No single"""
5740;0;"""No single"""
5741;0;"""No single"""
5745;1;Single
5746;0;"""No single"""
5747;1;Single
5748;1;Single
5749;0;"""No single"""
5751;0;"""No single"""
5755;0;"""No single"""
5756;0;"""No single"""
5757;1;Single
5763;0;"""No single"""
5764;0;"""No single"""
5766;0;"""No single"""
5770;1;Single
5771;1;Single
5772;1;Single
5773;0;"""No single"""
5776;0;"""No single"""
5779;0;"""No single"""
5780;1;Single
5781;1;Single
5783;0;"""No single"""
5784;1;Single
5786;0;"""No single"""
5788;0;"""No single"""
5789;0;"""No single"""
5794;0;"""No single"""
5795;0;"""No single"""
5796;0;"""No single"""
5799;1;Single
5803;0;"""No single"""
5804;0;"""No single"""
5805;0;"""No single"""
5808;0;"""No single"""
5809;1;Single
5812;1;Single
5814;0;"""No single"""
5815;0;"""No single"""
5819;0;"""No single"""
5823;0;"""No single"""
5830;1;Single
5831;0;"""No single"""
5832;0;"""No single"""
5833;1;Single
5834;0;"""No single"""
5835;0;"""No single"""
5837;0;"""No single"""
5838;1;Single
5840;1;Single
5841;0;"""No single"""
5843;0;"""No single"""
5844;0;"""No single"""
5845;0;"""No single"""
5846;1;Single
5847;1;Single
5848;0;"""No single"""
5852;0;"""No single"""
5853;0;"""No single"""
5857;0;"""No single"""
5859;0;"""No single"""
5861;0;"""No single"""
5862;0;"""No single"""
5863;0;"""No single"""
5864;0;"""No single"""
5866;0;"""No single"""
5867;0;"""No single"""
5868;0;"""No single"""
5870;0;"""No single"""
5871;0;"""No single"""
5873;0;"""No single"""
5875;0;"""No single"""
5877;0;"""No single"""
5878;0;"""No single"""
5879;1;Single
5880;0;"""No single"""
5882;0;"""No single"""
5884;0;"""No single"""
5887;0;"""No single"""
5889;0;"""No single"""
5890;0;"""No single"""
5891;0;"""No single"""
5892;0;"""No single"""
5893;0;"""No single"""
5894;1;Single
5900;1;Single
5903;1;Single
5905;0;"""No single"""
5906;0;"""No single"""
5907;1;Single
5908;0;"""No single"""
5909;0;"""No single"""
5910;0;"""No single"""
5912;1;Single
5913;0;"""No single"""
5914;0;"""No single"""
5915;0;"""No single"""
5917;0;"""No single"""
5918;0;"""No single"""
5921;0;"""No single"""
5922;0;"""No single"""
5923;0;"""No single"""
5924;0;"""No single"""
5925;0;"""No single"""
5926;0;"""No single"""
5927;0;"""No single"""
5928;0;"""No single"""
5929;0;"""No single"""
5933;1;Single
5936;0;"""No single"""
5937;0;"""No single"""
5939;0;"""No single"""
5941;0;"""No single"""
5942;0;"""No single"""
5945;1;Single
5948;1;Single
5949;0;"""No single"""
5951;0;"""No single"""
5952;1;Single
5954;0;"""No single"""
5959;0;"""No single"""
5962;0;"""No single"""
5965;0;"""No single"""
5966;1;Single
5967;0;"""No single"""
5968;0;"""No single"""
5969;0;"""No single"""
5972;1;Single
5973;0;"""No single"""
5976;0;"""No single"""
5978;0;"""No single"""
5979;1;Single
5981;0;"""No single"""
5984;0;"""No single"""
5987;0;"""No single"""
5988;0;"""No single"""
5989;1;Single
5993;0;"""No single"""
5994;1;Single
5995;0;"""No single"""
5997;0;"""No single"""
5999;0;"""No single"""
6000;0;"""No single"""
6001;0;"""No single"""
6002;0;"""No single"""
6003;0;"""No single"""
6005;0;"""No single"""
6007;0;"""No single"""
6011;1;Single
6012;0;"""No single"""
6013;0;"""No single"""
6014;0;"""No single"""
6016;1;Single
6017;0;"""No single"""
6018;0;"""No single"""
6020;0;"""No single"""
6021;0;"""No single"""
6024;0;"""No single"""
6026;0;"""No single"""
6028;0;"""No single"""
6029;0;"""No single"""
6031;0;"""No single"""
6032;0;"""No single"""
6034;1;Single
6035;0;"""No single"""
6037;0;"""No single"""
6038;1;Single
6039;0;"""No single"""
6040;0;"""No single"""
6041;0;"""No single"""
6043;0;"""No single"""
6046;0;"""No single"""
6047;0;"""No single"""
6048;0;"""No single"""
6049;1;Single
6050;0;"""No single"""
6052;1;Single
6053;0;"""No single"""
6054;0;"""No single"""
6055;0;"""No single"""
6057;0;"""No single"""
6058;0;"""No single"""
6061;0;"""No single"""
6063;1;Single
6065;0;"""No single"""
6068;1;Single
6074;0;"""No single"""
6080;0;"""No single"""
6082;1;Single
6085;1;Single
6087;0;"""No single"""
6088;0;"""No single"""
6089;0;"""No single"""
6091;0;"""No single"""
6092;1;Single
6094;0;"""No single"""
6096;0;"""No single"""
6097;0;"""No single"""
6100;1;Single
6104;0;"""No single"""
6107;1;Single
6108;0;"""No single"""
6109;0;"""No single"""
6112;0;"""No single"""
6113;0;"""No single"""
6115;0;"""No single"""
6117;1;Single
6118;0;"""No single"""
6119;0;"""No single"""
6122;0;"""No single"""
6123;0;"""No single"""
6128;1;Single
6129;0;"""No single"""
6130;0;"""No single"""
6134;0;"""No single"""
6137;0;"""No single"""
6140;0;"""No single"""
6141;0;"""No single"""
6142;0;"""No single"""
6144;1;Single
6148;0;"""No single"""
6149;0;"""No single"""
6153;0;"""No single"""
6154;0;"""No single"""
6155;1;Single
6156;0;"""No single"""
6157;0;"""No single"""
6158;0;"""No single"""
6159;0;"""No single"""
6160;1;Single
6162;0;"""No single"""
6163;0;"""No single"""
6165;1;Single
6168;0;"""No single"""
6169;0;"""No single"""
6170;1;Single
6171;1;Single
6172;1;Single
6174;0;"""No single"""
6176;0;"""No single"""
6177;0;"""No single"""
6178;0;"""No single"""
6181;0;"""No single"""
6182;0;"""No single"""
6183;1;Single
6184;0;"""No single"""
6186;0;"""No single"""
6187;0;"""No single"""
6190;0;"""No single"""
6191;0;"""No single"""
6193;0;"""No single"""
6197;0;"""No single"""
6198;0;"""No single"""
6205;1;Single
6206;0;"""No single"""
6207;1;Single
6210;0;"""No single"""
6212;0;"""No single"""
6217;0;"""No single"""
6219;0;"""No single"""
6222;0;"""No single"""
6223;0;"""No single"""
6224;0;"""No single"""
6226;0;"""No single"""
6227;0;"""No single"""
6229;0;"""No single"""
6230;0;"""No single"""
6232;1;Single
6234;0;"""No single"""
6235;0;"""No single"""
6236;0;"""No single"""
6238;0;"""No single"""
6240;0;"""No single"""
6241;0;"""No single"""
6242;0;"""No single"""
6244;1;Single
6246;0;"""No single"""
6247;0;"""No single"""
6249;1;Single
6250;1;Single
6251;0;"""No single"""
6252;0;"""No single"""
6254;0;"""No single"""
6257;0;"""No single"""
6259;0;"""No single"""
6261;0;"""No single"""
6263;0;"""No single"""
6264;1;Single
6267;0;"""No single"""
6270;1;Single
6271;1;Single
6272;0;"""No single"""
6273;0;"""No single"""
6274;0;"""No single"""
6275;1;Single
6276;0;"""No single"""
6277;0;"""No single"""
6279;0;"""No single"""
6281;1;Single
6283;0;"""No single"""
6285;0;"""No single"""
6286;0;"""No single"""
6287;0;"""No single"""
6289;0;"""No single"""
6291;0;"""No single"""
6292;0;"""No single"""
6295;0;"""No single"""
6298;0;"""No single"""
6301;1;Single
6305;0;"""No single"""
6306;0;"""No single"""
6308;0;"""No single"""
6310;1;Single
6312;1;Single
6313;1;Single
6314;0;"""No single"""
6315;0;"""No single"""
6316;1;Single
6317;0;"""No single"""
6318;0;"""No single"""
6319;1;Single
6321;0;"""No single"""
6322;0;"""No single"""
6324;0;"""No single"""
6325;0;"""No single"""
6326;0;"""No single"""
6332;0;"""No single"""
6333;0;"""No single"""
6334;0;"""No single"""
6335;0;"""No single"""
6336;0;"""No single"""
6337;0;"""No single"""
6340;0;"""No single"""
6351;0;"""No single"""
6356;1;Single
6359;0;"""No single"""
6362;1;Single
6365;0;"""No single"""
6366;1;Single
6367;1;Single
6369;0;"""No single"""
6370;1;Single
6371;0;"""No single"""
6373;0;"""No single"""
6377;0;"""No single"""
6379;0;"""No single"""
6380;1;Single
6381;0;"""No single"""
6383;0;"""No single"""
6384;0;"""No single"""
6386;1;Single
6390;0;"""No single"""
6391;0;"""No single"""
6392;0;"""No single"""
6393;0;"""No single"""
6394;0;"""No single"""
6395;0;"""No single"""
6397;0;"""No single"""
6398;0;"""No single"""
6399;1;Single
6404;0;"""No single"""
6407;0;"""No single"""
6411;0;"""No single"""
6412;0;"""No single"""
6415;0;"""No single"""
6417;0;"""No single"""
6420;0;"""No single"""
6421;0;"""No single"""
6422;0;"""No single"""
6425;1;Single
6426;0;"""No single"""
6427;0;"""No single"""
6428;1;Single
6430;0;"""No single"""
6431;1;Single
6433;0;"""No single"""
6434;0;"""No single"""
6435;0;"""No single"""
6436;0;"""No single"""
6440;0;"""No single"""
6441;0;"""No single"""
6442;1;Single
6443;0;"""No single"""
6444;0;"""No single"""
6445;0;"""No single"""
6448;0;"""No single"""
6454;0;"""No single"""
6456;1;Single
6457;0;"""No single"""
6459;0;"""No single"""
6460;0;"""No single"""
6461;0;"""No single"""
6463;0;"""No single"""
6465;1;Single
6467;0;"""No single"""
6468;0;"""No single"""
6469;0;"""No single"""
6471;0;"""No single"""
6474;0;"""No single"""
6476;1;Single
6477;0;"""No single"""
6479;1;Single
6482;0;"""No single"""
6486;0;"""No single"""
6488;0;"""No single"""
6489;0;"""No single"""
6492;0;"""No single"""
6493;0;"""No single"""
6495;0;"""No single"""
6496;0;"""No single"""
6499;0;"""No single"""
6500;0;"""No single"""
6502;0;"""No single"""
6503;0;"""No single"""
6504;1;Single
6505;0;"""No single"""
6507;0;"""No single"""
6508;1;Single
6514;0;"""No single"""
6516;0;"""No single"""
6517;0;"""No single"""
6518;0;"""No single"""
6522;1;Single
6523;0;"""No single"""
6524;1;Single
6525;0;"""No single"""
6526;0;"""No single"""
6529;0;"""No single"""
6530;0;"""No single"""
6533;0;"""No single"""
6539;0;"""No single"""
6541;0;"""No single"""
6542;0;"""No single"""
6543;0;"""No single"""
6545;0;"""No single"""
6546;0;"""No single"""
6547;1;Single
6548;0;"""No single"""
6549;0;"""No single"""
6550;0;"""No single"""
6551;1;Single
6553;1;Single
6554;0;"""No single"""
6557;0;"""No single"""
6558;0;"""No single"""
6560;0;"""No single"""
6561;0;"""No single"""
6564;1;Single
6565;1;Single
6567;0;"""No single"""
6568;0;"""No single"""
6570;0;"""No single"""
6571;1;Single
6572;1;Single
6573;1;Single
6575;0;"""No single"""
6576;0;"""No single"""
6577;1;Single
6578;0;"""No single"""
6579;0;"""No single"""
6580;1;Single
6582;0;"""No single"""
6584;0;"""No single"""
6585;0;"""No single"""
6586;0;"""No single"""
6590;0;"""No single"""
6591;0;"""No single"""
6593;0;"""No single"""
6597;0;"""No single"""
6599;0;"""No single"""
6600;0;"""No single"""
6602;0;"""No single"""
6604;0;"""No single"""
6607;1;Single
6610;1;Single
6611;0;"""No single"""
6612;0;"""No single"""
6613;0;"""No single"""
6614;0;"""No single"""
6618;1;Single
6621;0;"""No single"""
6623;0;"""No single"""
6625;0;"""No single"""
6626;0;"""No single"""
6628;0;"""No single"""
6631;0;"""No single"""
6632;1;Single
6633;0;"""No single"""
6634;1;Single
6637;0;"""No single"""
6638;0;"""No single"""
6639;0;"""No single"""
6643;0;"""No single"""
6647;0;"""No single"""
6648;0;"""No single"""
6651;0;"""No single"""
6652;0;"""No single"""
6653;0;"""No single"""
6656;0;"""No single"""
6658;0;"""No single"""
6660;0;"""No single"""
6663;0;"""No single"""
6664;1;Single
6665;1;Single
6667;0;"""No single"""
6669;0;"""No single"""
6672;1;Single
6674;0;"""No single"""
6676;0;"""No single"""
6677;1;Single
6678;1;Single
6679;0;"""No single"""
6682;1;Single
6683;0;"""No single"""
6684;1;Single
6685;0;"""No single"""
6686;0;"""No single"""
6697;0;"""No single"""
6699;0;"""No single"""
6700;0;"""No single"""
6703;1;Single
6705;0;"""No single"""
6706;0;"""No single"""
6708;0;"""No single"""
6709;0;"""No single"""
6714;1;Single
6715;0;"""No single"""
6716;0;"""No single"""
6719;0;"""No single"""
6721;0;"""No single"""
6724;0;"""No single"""
6725;0;"""No single"""
6729;1;Single
6730;0;"""No single"""
6734;0;"""No single"""
6735;0;"""No single"""
6736;1;Single
6737;0;"""No single"""
6739;0;"""No single"""
6740;0;"""No single"""
6742;1;Single
6746;0;"""No single"""
6747;0;"""No single"""
6750;1;Single
6753;0;"""No single"""
6754;0;"""No single"""
6756;0;"""No single"""
6758;0;"""No single"""
6762;0;"""No single"""
6764;1;Single
6768;0;"""No single"""
6769;0;"""No single"""
6770;0;"""No single"""
6771;0;"""No single"""
6773;0;"""No single"""
6774;1;Single
6775;1;Single
6776;0;"""No single"""
6778;0;"""No single"""
6779;0;"""No single"""
6784;0;"""No single"""
6786;0;"""No single"""
6787;0;"""No single"""
6788;0;"""No single"""
6790;1;Single
6791;0;"""No single"""
6793;0;"""No single"""
6794;0;"""No single"""
6796;0;"""No single"""
6799;1;Single
6801;0;"""No single"""
6804;0;"""No single"""
6805;0;"""No single"""
6806;0;"""No single"""
6807;0;"""No single"""
6809;0;"""No single"""
6810;1;Single
6811;1;Single
6812;1;Single
6813;1;Single
6815;0;"""No single"""
6817;0;"""No single"""
6818;0;"""No single"""
6819;1;Single
6820;1;Single
6821;0;"""No single"""
6822;0;"""No single"""
6825;0;"""No single"""
6826;0;"""No single"""
6827;0;"""No single"""
6828;1;Single
6830;1;Single
6831;0;"""No single"""
6832;0;"""No single"""
6836;0;"""No single"""
6839;0;"""No single"""
6840;0;"""No single"""
6841;0;"""No single"""
6845;1;Single
6846;0;"""No single"""
6848;0;"""No single"""
6849;0;"""No single"""
6851;0;"""No single"""
6852;0;"""No single"""
6853;0;"""No single"""
6854;1;Single
6856;0;"""No single"""
6857;0;"""No single"""
6860;0;"""No single"""
6863;0;"""No single"""
6864;1;Single
6865;0;"""No single"""
6866;0;"""No single"""
6868;0;"""No single"""
6870;0;"""No single"""
6871;0;"""No single"""
6875;0;"""No single"""
6876;0;"""No single"""
6877;0;"""No single"""
6881;1;Single
6882;0;"""No single"""
6883;0;"""No single"""
6884;0;"""No single"""
6885;0;"""No single"""
6886;0;"""No single"""
6889;1;Single
6890;0;"""No single"""
6892;0;"""No single"""
6894;0;"""No single"""
6895;1;Single
6898;0;"""No single"""
6900;0;"""No single"""
6901;0;"""No single"""
6902;1;Single
6903;0;"""No single"""
6905;0;"""No single"""
6906;1;Single
6907;1;Single
6910;1;Single
6911;0;"""No single"""
6913;1;Single
6914;0;"""No single"""
6915;0;"""No single"""
6918;1;Single
6919;1;Single
6920;1;Single
6921;1;Single
6922;0;"""No single"""
6923;0;"""No single"""
6924;0;"""No single"""
6930;0;"""No single"""
6931;1;Single
6934;0;"""No single"""
6935;1;Single
6936;0;"""No single"""
6938;0;"""No single"""
6940;1;Single
6941;1;Single
6942;0;"""No single"""
6943;0;"""No single"""
6944;0;"""No single"""
6947;0;"""No single"""
6949;0;"""No single"""
6951;0;"""No single"""
6953;0;"""No single"""
6954;0;"""No single"""
6957;0;"""No single"""
6959;0;"""No single"""
6961;0;"""No single"""
6962;1;Single
6966;0;"""No single"""
6968;0;"""No single"""
6969;0;"""No single"""
6970;0;"""No single"""
6974;0;"""No single"""
6975;0;"""No single"""
6976;1;Single
6977;0;"""No single"""
6978;0;"""No single"""
6981;0;"""No single"""
6982;0;"""No single"""
6984;1;Single
6985;0;"""No single"""
6986;0;"""No single"""
6987;0;"""No single"""
6989;0;"""No single"""
6992;0;"""No single"""
6995;1;Single
6996;1;Single
7000;1;Single
7002;0;"""No single"""
7003;0;"""No single"""
7004;0;"""No single"""
7005;1;Single
7010;0;"""No single"""
7011;1;Single
7013;0;"""No single"""
7014;0;"""No single"""
7017;0;"""No single"""
7019;0;"""No single"""
7021;0;"""No single"""
7022;0;"""No single"""
7024;1;Single
7025;0;"""No single"""
7026;0;"""No single"""
7027;0;"""No single"""
7033;1;Single
7036;0;"""No single"""
7037;0;"""No single"""
7039;1;Single
7040;0;"""No single"""
7046;1;Single
7049;0;"""No single"""
7050;0;"""No single"""
7053;0;"""No single"""
7055;0;"""No single"""
7056;0;"""No single"""
7057;0;"""No single"""
7059;0;"""No single"""
7063;0;"""No single"""
7066;0;"""No single"""
7067;1;Single
7069;0;"""No single"""
7070;0;"""No single"""
7072;0;"""No single"""
7073;0;"""No single"""
7075;0;"""No single"""
7076;0;"""No single"""
7078;0;"""No single"""
7080;0;"""No single"""
7081;0;"""No single"""
7082;0;"""No single"""
7084;0;"""No single"""
7085;0;"""No single"""
7086;0;"""No single"""
7090;0;"""No single"""
7091;0;"""No single"""
7092;1;Single
7093;0;"""No single"""
7095;0;"""No single"""
7097;0;"""No single"""
7100;0;"""No single"""
7105;0;"""No single"""
7106;0;"""No single"""
7107;0;"""No single"""
7108;1;Single
7109;1;Single
7110;1;Single
7111;0;"""No single"""
7113;0;"""No single"""
7114;1;Single
7115;0;"""No single"""
7117;0;"""No single"""
7119;0;"""No single"""
7121;0;"""No single"""
7122;0;"""No single"""
7125;0;"""No single"""
7127;0;"""No single"""
7128;0;"""No single"""
7130;0;"""No single"""
7133;0;"""No single"""
7135;0;"""No single"""
7136;0;"""No single"""
7137;0;"""No single"""
7141;0;"""No single"""
7143;1;Single
7144;0;"""No single"""
7147;0;"""No single"""
7148;0;"""No single"""
7149;0;"""No single"""
7150;0;"""No single"""
7151;0;"""No single"""
7152;0;"""No single"""
7154;1;Single
7159;0;"""No single"""
7162;0;"""No single"""
7163;1;Single
7165;0;"""No single"""
7172;0;"""No single"""
7175;0;"""No single"""
7177;0;"""No single"""
7179;1;Single
7181;0;"""No single"""
7183;0;"""No single"""
7184;0;"""No single"""
7185;1;Single
7186;0;"""No single"""
7188;0;"""No single"""
7190;0;"""No single"""
7193;0;"""No single"""
7194;1;Single
7196;1;Single
7200;0;"""No single"""
7204;0;"""No single"""
7205;0;"""No single"""
7206;0;"""No single"""
7207;0;"""No single"""
7209;0;"""No single"""
7216;0;"""No single"""
7217;0;"""No single"""
7220;0;"""No single"""
7224;1;Single
7225;0;"""No single"""
7233;0;"""No single"""
7234;0;"""No single"""
7235;1;Single
7239;1;Single
7240;0;"""No single"""
7241;0;"""No single"""
7243;0;"""No single"""
7245;0;"""No single"""
7246;0;"""No single"""
7247;0;"""No single"""
7248;0;"""No single"""
7249;0;"""No single"""
7250;0;"""No single"""
7251;0;"""No single"""
7252;1;Single
7253;0;"""No single"""
7255;0;"""No single"""
7262;1;Single
7267;0;"""No single"""
7268;0;"""No single"""
7269;0;"""No single"""
7270;1;Single
7271;0;"""No single"""
7272;0;"""No single"""
7273;1;Single
7274;1;Single
7278;0;"""No single"""
7280;0;"""No single"""
7281;0;"""No single"""
7286;0;"""No single"""
7287;1;Single
7289;0;"""No single"""
7291;0;"""No single"""
7293;0;"""No single"""
7294;0;"""No single"""
7295;0;"""No single"""
7298;0;"""No single"""
7301;0;"""No single"""
7303;0;"""No single"""
7305;0;"""No single"""
7306;0;"""No single"""
7310;0;"""No single"""
7312;0;"""No single"""
7313;0;"""No single"""
7314;0;"""No single"""
7315;0;"""No single"""
7316;1;Single
7318;0;"""No single"""
7319;1;Single
7320;0;"""No single"""
7321;1;Single
7322;0;"""No single"""
7323;0;"""No single"""
7325;1;Single
7326;0;"""No single"""
7327;0;"""No single"""
7328;0;"""No single"""
7329;0;"""No single"""
7332;1;Single
7333;0;"""No single"""
7334;1;Single
7337;0;"""No single"""
7340;0;"""No single"""
7341;1;Single
7342;0;"""No single"""
7343;0;"""No single"""
7344;1;Single
7346;0;"""No single"""
7347;0;"""No single"""
7349;0;"""No single"""
7354;0;"""No single"""
7355;0;"""No single"""
7356;1;Single
7359;0;"""No single"""
7362;0;"""No single"""
7364;0;"""No single"""
7366;1;Single
7368;0;"""No single"""
7370;0;"""No single"""
7372;0;"""No single"""
7373;0;"""No single"""
7376;0;"""No single"""
7377;0;"""No single"""
7378;0;"""No single"""
7381;0;"""No single"""
7386;0;"""No single"""
7387;0;"""No single"""
7388;1;Single
7389;0;"""No single"""
7390;1;Single
7391;0;"""No single"""
7393;0;"""No single"""
7398;0;"""No single"""
7399;0;"""No single"""
7400;0;"""No single"""
7402;0;"""No single"""
7406;0;"""No single"""
7407;0;"""No single"""
7409;1;Single
7410;0;"""No single"""
7411;0;"""No single"""
7412;0;"""No single"""
7414;0;"""No single"""
7415;0;"""No single"""
7416;0;"""No single"""
7417;0;"""No single"""
7418;0;"""No single"""
7420;1;Single
7421;0;"""No single"""
7422;0;"""No single"""
7424;1;Single
7425;1;Single
7428;1;Single
7429;0;"""No single"""
7430;0;"""No single"""
7431;1;Single
7432;0;"""No single"""
7433;0;"""No single"""
7435;0;"""No single"""
7436;0;"""No single"""
7437;0;"""No single"""
7440;0;"""No single"""
7442;0;"""No single"""
7443;1;Single